-- MySQL dump 10.13  Distrib 5.6.30, for debian-linux-gnu (x86_64)
--
-- Host: localhost    Database: mobiway_db
-- ------------------------------------------------------
-- Server version	5.6.30-0ubuntu0.14.04.1

/*!40101 SET @OLD_CHARACTER_SET_CLIENT=@@CHARACTER_SET_CLIENT */;
/*!40101 SET @OLD_CHARACTER_SET_RESULTS=@@CHARACTER_SET_RESULTS */;
/*!40101 SET @OLD_COLLATION_CONNECTION=@@COLLATION_CONNECTION */;
/*!40101 SET NAMES utf8 */;
/*!40103 SET @OLD_TIME_ZONE=@@TIME_ZONE */;
/*!40103 SET TIME_ZONE='+00:00' */;
/*!40014 SET @OLD_UNIQUE_CHECKS=@@UNIQUE_CHECKS, UNIQUE_CHECKS=0 */;
/*!40014 SET @OLD_FOREIGN_KEY_CHECKS=@@FOREIGN_KEY_CHECKS, FOREIGN_KEY_CHECKS=0 */;
/*!40101 SET @OLD_SQL_MODE=@@SQL_MODE, SQL_MODE='NO_AUTO_VALUE_ON_ZERO' */;
/*!40111 SET @OLD_SQL_NOTES=@@SQL_NOTES, SQL_NOTES=0 */;

--
-- Table structure for table `journey`
--

DROP TABLE IF EXISTS `journey`;
/*!40101 SET @saved_cs_client     = @@character_set_client */;
/*!40101 SET character_set_client = utf8 */;
CREATE TABLE `journey` (
  `id` int(11) NOT NULL AUTO_INCREMENT,
  `id_user` int(11) NOT NULL,
  `journey_name` text NOT NULL,
  PRIMARY KEY (`id`),
  KEY `id_user` (`id_user`),
  KEY `id_user_2` (`id_user`),
  CONSTRAINT `journey_ibfk_1` FOREIGN KEY (`id_user`) REFERENCES `user` (`id`) ON DELETE CASCADE ON UPDATE CASCADE
) ENGINE=InnoDB AUTO_INCREMENT=5118 DEFAULT CHARSET=latin1;
/*!40101 SET character_set_client = @saved_cs_client */;


--
-- Dumping data for table `journey`
--

LOCK TABLES `journey` WRITE;
/*!40000 ALTER TABLE `journey` DISABLE KEYS */;
INSERT INTO `journey` VALUES (564,6,'fake'),(565,6,'journey_1439922670025'),(566,6,'journey_1439922764593'),(567,6,'journey_1439923026476'),(568,6,'journey_1439924256708'),(569,6,'journey_1439924984597'),(570,6,'journey_1439925108061'),(571,6,'journey_1439925367130'),(572,6,'journey_1439925617936'),(573,6,'journey_1439925839319'),(574,6,'journey_1439928083883'),(575,6,'journey_1439928815627'),(576,6,'journey_1439929000840'),(577,6,'journey_1439929163540'),(578,6,'journey_1439929547736'),(579,6,'journey_1439931266907'),(580,6,'journey_1439931615601'),(581,6,'journey_1439933189977'),(582,6,'journey_1440008491370'),(583,6,'journey_1440009404394'),(584,6,'journey_1440009464529'),(585,6,'journey_1440010074629'),(586,6,'journey_1440010306371'),(587,6,'journey_1440010357993'),(588,6,'journey_1440010388509'),(589,6,'journey_1440010590265'),(590,6,'journey_1440010726870'),(591,6,'journey_1440010852799'),(592,6,'journey_1440010958948'),(593,6,'journey_1440011304546'),(594,6,'journey_1440011362366'),(595,6,'journey_1440011497383'),(596,6,'journey_1440011801606'),(597,6,'journey_1440012409116'),(598,6,'journey_1440012422445'),(599,6,'journey_1440018302775'),(600,6,'journey_1440091394008'),(601,6,'journey_1440091596242'),(602,6,'journey_1440092362780'),(603,6,'journey_1440092428818'),(604,6,'journey_1440093165884'),(605,6,'journey_1440093217646'),(606,6,'journey_1440093235218'),(607,6,'journey_1440093250522'),(608,6,'journey_1440093443621'),(609,6,'journey_1440097809756'),(610,6,'journey_1440097822909'),(611,6,'journey_1440100944633'),(612,6,'journey_1440100978893'),(613,6,'journey_1440101174841'),(614,6,'journey_1440101236479'),(615,6,'journey_1440101651231'),(616,6,'journey_1440102128756'),(617,6,'journey_1440102305425'),(618,6,'journey_1440102435794'),(619,6,'journey_1440102437862'),(620,6,'journey_1440104092104'),(621,6,'journey_1440106185660'),(622,6,'journey_1440138268871'),(623,6,'journey_1440138384927'),(624,6,'journey_1440400470943'),(625,6,'journey_1440436115750'),(626,6,'journey_1440436123666'),(627,6,'journey_1440448385607'),(628,6,'journey_1440522947554'),(629,6,'journey_1440531329499'),(630,6,'journey_1440580037080'),(631,6,'journey_1440580050012'),(632,6,'journey_1440581198164'),(633,6,'journey_1440582133962'),(634,6,'journey_1440582690308'),(635,6,'journey_1440583357022'),(636,6,'journey_1440583488857'),(637,6,'journey_1440583599141'),(638,6,'journey_1440584522468'),(639,6,'journey_1440584529716'),(640,6,'journey_1440584593237'),(641,6,'journey_1440624006023'),(642,6,'journey_1440624029058'),(643,6,'journey_1440624032891'),(644,6,'journey_1440934133265'),(645,6,'journey_1440934139948'),(646,6,'journey_1440937525750'),(647,6,'journey_1440942552746'),(648,6,'journey_1440942630992'),(649,6,'journey_1440943124341'),(650,6,'journey_1440943137601'),(651,6,'journey_1440943387813'),(652,6,'journey_1440943418340'),(653,6,'journey_1440954697815'),(654,6,'journey_1440954810089'),(655,6,'journey_1440954849082'),(656,6,'journey_1440954884543'),(657,6,'journey_1440956917057'),(658,6,'journey_1440960090923'),(659,6,'journey_1440964580320'),(660,6,'journey_1440965207245'),(661,6,'journey_1440965921785'),(662,6,'journey_1440966588843'),(663,6,'journey_1440967305881'),(664,6,'journey_1440967591323'),(665,6,'journey_1440968110473'),(666,6,'journey_1440968274623'),(667,6,'journey_1440968953079'),(668,6,'journey_1440969090673'),(669,6,'journey_1440969419224'),(670,6,'journey_1441056155827'),(671,6,'journey_1441056260592'),(672,6,'journey_1441304208854'),(673,6,'journey_1441313472857'),(674,6,'journey_1441313472828'),(675,6,'journey_1441313537568'),(676,6,'journey_1441313537560'),(677,6,'journey_1441313796647'),(678,6,'journey_1441313813126'),(679,6,'journey_1441313912675'),(680,6,'journey_1441554710692'),(681,6,'journey_1441557182183'),(682,6,'journey_1441650445068'),(683,6,'journey_1441650661889'),(684,6,'journey_1441650688081'),(685,6,'journey_1441651498611'),(686,6,'journey_1441823862333'),(687,6,'journey_1441824721866'),(688,6,'journey_1441825553079'),(689,6,'journey_1441825956022'),(690,6,'journey_1441827775183'),(691,6,'journey_1441827792064'),(692,6,'journey_1441828079551'),(693,6,'journey_1441828135614'),(694,6,'journey_1441830703334'),(695,6,'journey_1441830938502'),(696,6,'journey_1441833057579'),(697,6,'journey_1443364183176'),(698,6,'journey_1443558378433'),(699,6,'journey_1443558391190'),(700,6,'journey_1443724440882'),(701,6,'journey_1443900495100'),(702,6,'journey_1443900659647'),(703,6,'journey_1443900691667'),(704,6,'journey_1443900839836'),(705,6,'journey_1443900854878'),(706,6,'journey_1443901426594'),(707,6,'journey_1443901457598'),(708,6,'journey_1444941511501'),(709,6,'journey_1445120876259'),(710,6,'journey_1445120946090'),(711,6,'journey_1445120964170'),(712,6,'journey_1445120997561'),(713,6,'journey_1445121045792'),(714,9,'journey_1446908508922'),(715,9,'journey_1446908648378'),(716,9,'journey_1446908813709'),(717,9,'journey_1446908827461'),(718,11,'journey_1447019354532'),(719,11,'journey_1447019372867'),(720,12,'journey_1447689226998'),(721,12,'journey_1447689319715'),(722,12,'journey_1447694731608'),(723,12,'journey_1447694912323'),(724,12,'journey_1447789031512'),(725,12,'journey_1447789264918'),(726,12,'journey_1447791803628'),(727,13,'journey_1447795409952'),(728,13,'journey_1447795475337'),(729,13,'journey_1447795536497'),(730,13,'journey_1447795580278'),(731,13,'journey_1447795702469'),(732,13,'journey_1447796134936'),(733,13,'journey_1447796223636'),(734,13,'journey_1447796231151'),(735,13,'journey_1447796773462'),(736,12,'journey_1447821322085'),(737,12,'journey_1447821559959'),(738,12,'journey_1447821727300'),(739,12,'journey_1447821789900'),(740,12,'journey_1447821919574'),(741,12,'journey_1447821949294'),(742,12,'journey_1447822070370'),(743,12,'journey_1447825431311'),(744,12,'journey_1447948904849'),(745,13,'journey_1448987885921'),(746,13,'journey_1448988026150'),(749,16,'journey_1452439001764'),(750,16,'journey_1452439063765'),(751,16,'journey_1452501158354'),(752,16,'journey_1454675480403'),(753,16,'journey_1454675507385'),(754,16,'journey_1455002074014'),(755,16,'journey_1455002103596'),(1053,421,'journey_1455998551097'),(1054,421,'journey_1455998731225'),(1055,421,'journey_1455998755707'),(1056,421,'journey_1456004283741'),(1057,421,'journey_1456004557997'),(1058,421,'journey_1456046171915'),(1059,421,'journey_1456047348110'),(1060,421,'journey_1456048180492'),(1061,421,'journey_1456048453979'),(1062,421,'journey_1456048466940'),(1063,421,'journey_1456048866841'),(1064,421,'journey_1456050969052'),(1065,421,'journey_1456051890984'),(2650,421,'journey_1456076933838'),(2651,421,'journey_1456077588276'),(3196,421,'journey_1456086518670'),(3197,421,'journey_1456086978139'),(3198,421,'journey_1456087240863'),(3237,421,'journey_1456087670392'),(4685,16,'journey_1457888130316'),(4686,421,'journey_1458403164663'),(4687,421,'journey_1458405497337'),(4688,421,'journey_1458406032557'),(4689,421,'journey_1458406420816'),(4690,421,'journey_1458406546448'),(4691,421,'journey_1458406767098'),(4692,421,'journey_1458406901343'),(4693,421,'journey_1458407026573'),(4694,421,'journey_1458407148279'),(4695,421,'journey_1458407318128'),(4696,421,'journey_1458407698546'),(4697,421,'journey_1458407701034'),(4698,421,'journey_1458407853425'),(4699,421,'journey_1458407994837'),(4700,421,'journey_1458408422538'),(4701,421,'journey_1458408829075'),(4702,421,'journey_1458411496575'),(4703,421,'journey_1458411528665'),(5100,421,'journey_1458685100652'),(5101,421,'journey_1458685312261'),(5102,421,'journey_1458685576969'),(5103,421,'journey_1458685985159'),(5104,421,'journey_1458686129644'),(5105,421,'journey_1458686420669'),(5106,421,'journey_1459006443500'),(5107,421,'journey_1459006560946'),(5108,421,'journey_1459007554758'),(5109,421,'journey_1459008187105'),(5110,421,'journey_1459008396983'),(5111,421,'journey_1459008657910'),(5112,421,'journey_1459008959989'),(5113,421,'journey_1459009516410'),(5114,421,'journey_1459009518744'),(5115,421,'journey_1459009865256'),(5116,421,'journey_1459010139534'),(5117,421,'journey_1462031547654');
/*!40000 ALTER TABLE `journey` ENABLE KEYS */;
UNLOCK TABLES;

--
-- Table structure for table `journey_data`
--

DROP TABLE IF EXISTS `journey_data`;
/*!40101 SET @saved_cs_client     = @@character_set_client */;
/*!40101 SET character_set_client = utf8 */;
CREATE TABLE `journey_data` (
  `id` int(11) NOT NULL AUTO_INCREMENT,
  `journey_id` int(11) NOT NULL,
  `latitude` float(10,6) DEFAULT NULL,
  `longitude` float(10,6) DEFAULT NULL,
  `speed` int(11) DEFAULT NULL,
  `timestamp` datetime NOT NULL,
  `osm_way_id` varchar(40) DEFAULT NULL,
  PRIMARY KEY (`id`),
  KEY `journey_id` (`journey_id`),
  CONSTRAINT `journey_data_ibfk_1` FOREIGN KEY (`journey_id`) REFERENCES `journey` (`id`) ON DELETE CASCADE ON UPDATE CASCADE
) ENGINE=InnoDB AUTO_INCREMENT=17575 DEFAULT CHARSET=latin1;
/*!40101 SET character_set_client = @saved_cs_client */;

--
-- Dumping data for table `journey_data`
--

LOCK TABLES `journey_data` WRITE;
/*!40000 ALTER TABLE `journey_data` DISABLE KEYS */;
INSERT INTO `journey_data` VALUES (17278,564,NULL,NULL,1,'2016-03-26 18:31:42','330673643'),(17279,564,NULL,NULL,1,'2016-03-26 18:31:42','330673643'),(17280,564,NULL,NULL,1,'2016-03-26 18:31:42','330673643'),(17281,564,NULL,NULL,1,'2016-03-26 18:31:42','330673643'),(17282,564,NULL,NULL,1,'2016-03-26 18:31:42','330673643'),(17283,564,NULL,NULL,1,'2016-03-26 18:31:42','330673643'),(17284,564,NULL,NULL,1,'2016-03-26 18:31:42','330673643'),(17285,564,NULL,NULL,1,'2016-03-26 18:31:42','330673643'),(17286,564,NULL,NULL,1,'2016-03-26 18:31:42','330673643'),(17287,564,NULL,NULL,1,'2016-03-26 18:31:42','330673643'),(17288,564,NULL,NULL,1,'2016-03-26 18:31:42','330673643'),(17289,564,NULL,NULL,1,'2016-03-26 18:31:42','330673643'),(17290,564,NULL,NULL,1,'2016-03-26 18:31:42','330673643'),(17291,564,NULL,NULL,1,'2016-03-26 18:31:42','330673643'),(17292,564,NULL,NULL,1,'2016-03-26 18:31:42','330673643'),(17293,564,NULL,NULL,1,'2016-03-26 18:31:42','330673643'),(17294,564,NULL,NULL,1,'2016-03-26 18:31:42','330673643'),(17295,564,NULL,NULL,1,'2016-03-26 18:31:42','330673643'),(17296,564,NULL,NULL,1,'2016-03-26 18:31:42','330673643'),(17297,564,NULL,NULL,1,'2016-03-26 18:31:42','330673643'),(17298,564,NULL,NULL,1,'2016-03-26 18:31:42','330673643'),(17299,564,NULL,NULL,1,'2016-03-26 18:31:42','330673643'),(17300,564,NULL,NULL,1,'2016-03-26 18:31:42','330673643'),(17301,564,NULL,NULL,1,'2016-03-26 18:31:42','330673643'),(17302,564,NULL,NULL,1,'2016-03-26 18:31:42','330673643'),(17303,564,NULL,NULL,1,'2016-03-26 18:31:42','330673643'),(17304,564,NULL,NULL,1,'2016-03-26 18:31:42','330673643'),(17305,564,NULL,NULL,1,'2016-03-26 18:31:42','330673643'),(17306,564,NULL,NULL,1,'2016-03-26 18:31:42','330673643'),(17307,564,NULL,NULL,1,'2016-03-26 18:31:42','330673643'),(17308,564,NULL,NULL,1,'2016-03-26 18:31:42','330673643'),(17309,564,NULL,NULL,1,'2016-03-26 18:31:42','330673643'),(17310,564,NULL,NULL,1,'2016-03-26 18:31:42','330673643'),(17311,564,NULL,NULL,1,'2016-03-26 18:31:42','330673643'),(17312,564,NULL,NULL,1,'2016-03-26 18:31:42','330673643'),(17313,564,NULL,NULL,1,'2016-03-26 18:31:42','330673643'),(17314,564,NULL,NULL,1,'2016-03-26 18:31:42','330673643'),(17315,564,NULL,NULL,1,'2016-03-26 18:31:42','330673643'),(17316,564,NULL,NULL,1,'2016-03-26 18:31:42','330673643'),(17317,564,NULL,NULL,1,'2016-03-26 18:31:42','330673643'),(17318,564,NULL,NULL,1,'2016-03-26 18:31:42','330673643'),(17319,564,NULL,NULL,1,'2016-03-26 18:31:42','330673643'),(17320,564,NULL,NULL,1,'2016-03-26 18:31:42','330673643'),(17321,564,NULL,NULL,1,'2016-03-26 18:31:42','330673643'),(17322,564,NULL,NULL,1,'2016-03-26 18:31:42','330673643'),(17323,564,NULL,NULL,1,'2016-03-26 18:31:42','330673643'),(17324,564,NULL,NULL,1,'2016-03-26 18:31:42','330673643'),(17325,564,NULL,NULL,1,'2016-03-26 18:31:42','330673643'),(17326,564,NULL,NULL,1,'2016-03-26 18:31:42','330673643'),(17327,564,NULL,NULL,1,'2016-03-26 18:31:42','330673643'),(17328,564,NULL,NULL,1,'2016-03-26 18:31:42','330673643'),(17329,564,NULL,NULL,1,'2016-03-26 18:31:42','330673643'),(17330,564,NULL,NULL,1,'2016-03-26 18:31:42','330673643'),(17331,564,NULL,NULL,1,'2016-03-26 18:31:42','330673643'),(17332,564,NULL,NULL,1,'2016-03-26 18:31:42','330673643'),(17333,564,NULL,NULL,1,'2016-03-26 18:31:42','330673643'),(17334,564,NULL,NULL,1,'2016-03-26 18:31:42','330673643'),(17335,564,NULL,NULL,1,'2016-03-26 18:31:42','330673643'),(17336,564,NULL,NULL,1,'2016-03-26 18:31:42','330673643'),(17337,564,NULL,NULL,1,'2016-03-26 18:31:42','330673643'),(17338,564,NULL,NULL,1,'2016-03-26 18:31:42','330673643'),(17339,564,NULL,NULL,1,'2016-03-26 18:31:42','330673643'),(17340,564,NULL,NULL,1,'2016-03-26 18:31:42','330673643'),(17341,564,NULL,NULL,1,'2016-03-26 18:31:42','330673643'),(17342,564,NULL,NULL,1,'2016-03-26 18:31:42','330673643'),(17343,564,NULL,NULL,1,'2016-03-26 18:31:42','330673643'),(17344,564,NULL,NULL,1,'2016-03-26 18:31:42','330673643'),(17345,564,NULL,NULL,1,'2016-03-26 18:31:42','330673643'),(17346,564,NULL,NULL,1,'2016-03-26 18:31:42','330673643'),(17347,564,NULL,NULL,1,'2016-03-26 18:31:42','330673643'),(17348,564,NULL,NULL,1,'2016-03-26 18:31:42','330673643'),(17349,564,NULL,NULL,1,'2016-03-26 18:31:42','330673643'),(17350,564,NULL,NULL,1,'2016-03-26 18:31:42','330673643'),(17351,564,NULL,NULL,1,'2016-03-26 18:31:42','330673643'),(17352,564,NULL,NULL,1,'2016-03-26 18:31:42','330673643'),(17353,564,NULL,NULL,1,'2016-03-26 18:31:42','330673643'),(17354,564,NULL,NULL,1,'2016-03-26 18:31:42','330673643'),(17355,564,NULL,NULL,1,'2016-03-26 18:31:42','330673643'),(17356,564,NULL,NULL,1,'2016-03-26 18:31:42','330673643'),(17357,564,NULL,NULL,1,'2016-03-26 18:31:42','330673643'),(17358,564,NULL,NULL,1,'2016-03-26 18:31:42','330673643'),(17359,564,NULL,NULL,1,'2016-03-26 18:31:42','330673643'),(17360,564,NULL,NULL,1,'2016-03-26 18:31:42','330673643'),(17361,564,NULL,NULL,1,'2016-03-26 18:31:42','330673643'),(17362,564,NULL,NULL,1,'2016-03-26 18:31:42','330673643'),(17363,564,NULL,NULL,1,'2016-03-26 18:31:42','330673643'),(17364,564,NULL,NULL,1,'2016-03-26 18:31:42','330673643'),(17365,564,NULL,NULL,1,'2016-03-26 18:31:42','330673643'),(17366,564,NULL,NULL,1,'2016-03-26 18:31:42','330673643'),(17367,564,NULL,NULL,1,'2016-03-26 18:31:42','330673643'),(17368,564,NULL,NULL,1,'2016-03-26 18:31:42','330673643'),(17369,564,NULL,NULL,1,'2016-03-26 18:31:42','330673643'),(17370,564,NULL,NULL,1,'2016-03-26 18:31:42','330673643'),(17371,564,NULL,NULL,1,'2016-03-26 18:31:42','330673643'),(17372,564,NULL,NULL,1,'2016-03-26 18:31:42','330673643'),(17373,564,NULL,NULL,1,'2016-03-26 18:31:42','330673643'),(17374,564,NULL,NULL,1,'2016-03-26 18:31:42','330673643'),(17375,564,NULL,NULL,1,'2016-03-26 18:31:42','330673643'),(17376,564,NULL,NULL,1,'2016-03-26 18:31:42','330673643'),(17377,564,NULL,NULL,1,'2016-03-26 18:33:48','330673643'),(17378,564,NULL,NULL,1,'2016-03-26 18:33:48','330673643'),(17379,564,NULL,NULL,1,'2016-03-26 18:33:48','330673643'),(17380,564,NULL,NULL,1,'2016-03-26 18:33:48','330673643'),(17381,564,NULL,NULL,1,'2016-03-26 18:33:48','330673643'),(17382,564,NULL,NULL,1,'2016-03-26 18:33:48','330673643'),(17383,564,NULL,NULL,1,'2016-03-26 18:33:48','330673643'),(17384,564,NULL,NULL,1,'2016-03-26 18:33:48','330673643'),(17385,564,NULL,NULL,1,'2016-03-26 18:33:48','330673643'),(17386,564,NULL,NULL,1,'2016-03-26 18:33:48','330673643'),(17387,564,NULL,NULL,1,'2016-03-26 18:33:48','330673643'),(17388,564,NULL,NULL,1,'2016-03-26 18:33:48','330673643'),(17389,564,NULL,NULL,1,'2016-03-26 18:33:48','330673643'),(17390,564,NULL,NULL,1,'2016-03-26 18:33:48','330673643'),(17391,564,NULL,NULL,1,'2016-03-26 18:33:48','330673643'),(17392,564,NULL,NULL,1,'2016-03-26 18:33:48','330673643'),(17393,564,NULL,NULL,1,'2016-03-26 18:33:48','330673643'),(17394,564,NULL,NULL,1,'2016-03-26 18:33:48','330673643'),(17395,564,NULL,NULL,1,'2016-03-26 18:33:48','330673643'),(17396,564,NULL,NULL,1,'2016-03-26 18:33:48','330673643'),(17397,564,NULL,NULL,1,'2016-03-26 18:33:48','330673643'),(17398,564,NULL,NULL,1,'2016-03-26 18:33:48','330673643'),(17399,564,NULL,NULL,1,'2016-03-26 18:33:48','330673643'),(17400,564,NULL,NULL,1,'2016-03-26 18:33:48','330673643'),(17401,564,NULL,NULL,1,'2016-03-26 18:33:48','330673643'),(17402,564,NULL,NULL,1,'2016-03-26 18:33:48','330673643'),(17403,564,NULL,NULL,1,'2016-03-26 18:33:48','330673643'),(17404,564,NULL,NULL,1,'2016-03-26 18:33:48','330673643'),(17405,564,NULL,NULL,1,'2016-03-26 18:33:48','330673643'),(17406,564,NULL,NULL,1,'2016-03-26 18:33:48','330673643'),(17407,564,NULL,NULL,1,'2016-03-26 18:33:48','330673643'),(17408,564,NULL,NULL,1,'2016-03-26 18:33:48','330673643'),(17409,564,NULL,NULL,1,'2016-03-26 18:33:48','330673643'),(17410,564,NULL,NULL,1,'2016-03-26 18:33:48','330673643'),(17411,564,NULL,NULL,1,'2016-03-26 18:33:48','330673643'),(17412,564,NULL,NULL,1,'2016-03-26 18:33:48','330673643'),(17413,564,NULL,NULL,1,'2016-03-26 18:33:48','330673643'),(17414,564,NULL,NULL,1,'2016-03-26 18:33:48','330673643'),(17415,564,NULL,NULL,1,'2016-03-26 18:33:48','330673643'),(17416,564,NULL,NULL,1,'2016-03-26 18:33:48','330673643'),(17417,564,NULL,NULL,1,'2016-03-26 18:33:48','330673643'),(17418,564,NULL,NULL,1,'2016-03-26 18:33:48','330673643'),(17419,564,NULL,NULL,1,'2016-03-26 18:33:48','330673643'),(17420,564,NULL,NULL,1,'2016-03-26 18:33:48','330673643'),(17421,564,NULL,NULL,1,'2016-03-26 18:33:48','330673643'),(17422,564,NULL,NULL,1,'2016-03-26 18:33:48','330673643'),(17423,564,NULL,NULL,1,'2016-03-26 18:33:48','330673643'),(17424,564,NULL,NULL,1,'2016-03-26 18:33:48','330673643'),(17425,564,NULL,NULL,1,'2016-03-26 18:33:48','330673643'),(17426,564,NULL,NULL,1,'2016-03-26 18:33:48','330673643'),(17427,564,NULL,NULL,1,'2016-03-26 18:33:48','330673643'),(17428,564,NULL,NULL,1,'2016-03-26 18:33:48','330673643'),(17429,564,NULL,NULL,1,'2016-03-26 18:33:48','330673643'),(17430,564,NULL,NULL,1,'2016-03-26 18:33:48','330673643'),(17431,564,NULL,NULL,1,'2016-03-26 18:33:48','330673643'),(17432,564,NULL,NULL,1,'2016-03-26 18:33:48','330673643'),(17433,564,NULL,NULL,1,'2016-03-26 18:33:48','330673643'),(17434,564,NULL,NULL,1,'2016-03-26 18:33:48','330673643'),(17435,564,NULL,NULL,1,'2016-03-26 18:33:48','330673643'),(17436,564,NULL,NULL,1,'2016-03-26 18:33:48','330673643'),(17437,564,NULL,NULL,1,'2016-03-26 18:33:48','330673643'),(17438,564,NULL,NULL,1,'2016-03-26 18:33:48','330673643'),(17439,564,NULL,NULL,1,'2016-03-26 18:33:48','330673643'),(17440,564,NULL,NULL,1,'2016-03-26 18:33:48','330673643'),(17441,564,NULL,NULL,1,'2016-03-26 18:33:48','330673643'),(17442,564,NULL,NULL,1,'2016-03-26 18:33:48','330673643'),(17443,564,NULL,NULL,1,'2016-03-26 18:33:48','330673643'),(17444,564,NULL,NULL,1,'2016-03-26 18:33:48','330673643'),(17445,564,NULL,NULL,1,'2016-03-26 18:33:48','330673643'),(17446,564,NULL,NULL,1,'2016-03-26 18:33:48','330673643'),(17447,564,NULL,NULL,1,'2016-03-26 18:33:48','330673643'),(17448,564,NULL,NULL,1,'2016-03-26 18:33:48','330673643'),(17449,564,NULL,NULL,1,'2016-03-26 18:33:48','330673643'),(17450,564,NULL,NULL,1,'2016-03-26 18:33:48','330673643'),(17451,564,NULL,NULL,1,'2016-03-26 18:33:48','330673643'),(17452,564,NULL,NULL,1,'2016-03-26 18:33:48','330673643'),(17453,564,NULL,NULL,1,'2016-03-26 18:33:48','330673643'),(17454,564,NULL,NULL,1,'2016-03-26 18:33:48','330673643'),(17455,564,NULL,NULL,1,'2016-03-26 18:33:48','330673643'),(17456,564,NULL,NULL,1,'2016-03-26 18:33:48','330673643'),(17457,564,NULL,NULL,1,'2016-03-26 18:33:48','330673643'),(17458,564,NULL,NULL,1,'2016-03-26 18:33:48','330673643'),(17459,564,NULL,NULL,1,'2016-03-26 18:33:48','330673643'),(17460,564,NULL,NULL,1,'2016-03-26 18:33:48','330673643'),(17461,564,NULL,NULL,1,'2016-03-26 18:33:48','330673643'),(17462,564,NULL,NULL,1,'2016-03-26 18:33:48','330673643'),(17463,564,NULL,NULL,1,'2016-03-26 18:33:48','330673643'),(17464,564,NULL,NULL,1,'2016-03-26 18:33:48','330673643'),(17465,564,NULL,NULL,1,'2016-03-26 18:33:48','330673643'),(17466,564,NULL,NULL,1,'2016-03-26 18:33:48','330673643'),(17467,564,NULL,NULL,1,'2016-03-26 18:33:48','330673643'),(17468,564,NULL,NULL,1,'2016-03-26 18:33:48','330673643'),(17469,564,NULL,NULL,1,'2016-03-26 18:33:48','330673643'),(17470,564,NULL,NULL,1,'2016-03-26 18:33:48','330673643'),(17471,564,NULL,NULL,1,'2016-03-26 18:33:48','330673643'),(17472,564,NULL,NULL,1,'2016-03-26 18:33:48','330673643'),(17473,564,NULL,NULL,1,'2016-03-26 18:33:48','330673643'),(17474,564,NULL,NULL,1,'2016-03-26 18:33:48','330673643'),(17475,564,NULL,NULL,1,'2016-03-26 18:33:48','330673643'),(17476,564,NULL,NULL,1,'2016-03-26 18:33:52','229481371'),(17477,564,NULL,NULL,1,'2016-03-26 18:33:52','229481371'),(17478,564,NULL,NULL,1,'2016-03-26 18:33:52','229481371'),(17479,564,NULL,NULL,1,'2016-03-26 18:33:52','229481371'),(17480,564,NULL,NULL,1,'2016-03-26 18:33:52','229481371'),(17481,564,NULL,NULL,1,'2016-03-26 18:33:52','229481371'),(17482,564,NULL,NULL,1,'2016-03-26 18:33:52','229481371'),(17483,564,NULL,NULL,1,'2016-03-26 18:33:52','229481371'),(17484,564,NULL,NULL,1,'2016-03-26 18:33:52','229481371'),(17485,564,NULL,NULL,1,'2016-03-26 18:33:52','229481371'),(17486,564,NULL,NULL,1,'2016-03-26 18:33:52','229481371'),(17487,564,NULL,NULL,1,'2016-03-26 18:33:52','229481371'),(17488,564,NULL,NULL,1,'2016-03-26 18:33:52','229481371'),(17489,564,NULL,NULL,1,'2016-03-26 18:33:52','229481371'),(17490,564,NULL,NULL,1,'2016-03-26 18:33:52','229481371'),(17491,564,NULL,NULL,1,'2016-03-26 18:33:52','229481371'),(17492,564,NULL,NULL,1,'2016-03-26 18:33:52','229481371'),(17493,564,NULL,NULL,1,'2016-03-26 18:33:52','229481371'),(17494,564,NULL,NULL,1,'2016-03-26 18:33:52','229481371'),(17495,564,NULL,NULL,1,'2016-03-26 18:33:52','229481371'),(17496,564,NULL,NULL,1,'2016-03-26 18:33:52','229481371'),(17497,564,NULL,NULL,1,'2016-03-26 18:33:52','229481371'),(17498,564,NULL,NULL,1,'2016-03-26 18:33:52','229481371'),(17499,564,NULL,NULL,1,'2016-03-26 18:33:52','229481371'),(17500,564,NULL,NULL,1,'2016-03-26 18:33:52','229481371'),(17501,564,NULL,NULL,1,'2016-03-26 18:33:52','229481371'),(17502,564,NULL,NULL,1,'2016-03-26 18:33:52','229481371'),(17503,564,NULL,NULL,1,'2016-03-26 18:33:52','229481371'),(17504,564,NULL,NULL,1,'2016-03-26 18:33:52','229481371'),(17505,564,NULL,NULL,1,'2016-03-26 18:33:52','229481371'),(17506,564,NULL,NULL,1,'2016-03-26 18:33:52','229481371'),(17507,564,NULL,NULL,1,'2016-03-26 18:33:52','229481371'),(17508,564,NULL,NULL,1,'2016-03-26 18:33:52','229481371'),(17509,564,NULL,NULL,1,'2016-03-26 18:33:52','229481371'),(17510,564,NULL,NULL,1,'2016-03-26 18:33:52','229481371'),(17511,564,NULL,NULL,1,'2016-03-26 18:33:52','229481371'),(17512,564,NULL,NULL,1,'2016-03-26 18:33:52','229481371'),(17513,564,NULL,NULL,1,'2016-03-26 18:33:52','229481371'),(17514,564,NULL,NULL,1,'2016-03-26 18:33:52','229481371'),(17515,564,NULL,NULL,1,'2016-03-26 18:33:52','229481371'),(17516,564,NULL,NULL,1,'2016-03-26 18:33:52','229481371'),(17517,564,NULL,NULL,1,'2016-03-26 18:33:52','229481371'),(17518,564,NULL,NULL,1,'2016-03-26 18:33:52','229481371'),(17519,564,NULL,NULL,1,'2016-03-26 18:33:52','229481371'),(17520,564,NULL,NULL,1,'2016-03-26 18:33:52','229481371'),(17521,564,NULL,NULL,1,'2016-03-26 18:33:52','229481371'),(17522,564,NULL,NULL,1,'2016-03-26 18:33:52','229481371'),(17523,564,NULL,NULL,1,'2016-03-26 18:33:52','229481371'),(17524,564,NULL,NULL,1,'2016-03-26 18:33:52','229481371'),(17525,564,NULL,NULL,1,'2016-03-26 18:33:52','229481371'),(17526,564,NULL,NULL,1,'2016-03-26 18:33:52','229481371'),(17527,564,NULL,NULL,1,'2016-03-26 18:33:52','229481371'),(17528,564,NULL,NULL,1,'2016-03-26 18:33:52','229481371'),(17529,564,NULL,NULL,1,'2016-03-26 18:33:52','229481371'),(17530,564,NULL,NULL,1,'2016-03-26 18:33:52','229481371'),(17531,564,NULL,NULL,1,'2016-03-26 18:33:52','229481371'),(17532,564,NULL,NULL,1,'2016-03-26 18:33:52','229481371'),(17533,564,NULL,NULL,1,'2016-03-26 18:33:52','229481371'),(17534,564,NULL,NULL,1,'2016-03-26 18:33:52','229481371'),(17535,564,NULL,NULL,1,'2016-03-26 18:33:52','229481371'),(17536,564,NULL,NULL,1,'2016-03-26 18:33:52','229481371'),(17537,564,NULL,NULL,1,'2016-03-26 18:33:52','229481371'),(17538,564,NULL,NULL,1,'2016-03-26 18:33:52','229481371'),(17539,564,NULL,NULL,1,'2016-03-26 18:33:52','229481371'),(17540,564,NULL,NULL,1,'2016-03-26 18:33:52','229481371'),(17541,564,NULL,NULL,1,'2016-03-26 18:33:52','229481371'),(17542,564,NULL,NULL,1,'2016-03-26 18:33:52','229481371'),(17543,564,NULL,NULL,1,'2016-03-26 18:33:52','229481371'),(17544,564,NULL,NULL,1,'2016-03-26 18:33:52','229481371'),(17545,564,NULL,NULL,1,'2016-03-26 18:33:52','229481371'),(17546,564,NULL,NULL,1,'2016-03-26 18:33:52','229481371'),(17547,564,NULL,NULL,1,'2016-03-26 18:33:52','229481371'),(17548,564,NULL,NULL,1,'2016-03-26 18:33:52','229481371'),(17549,564,NULL,NULL,1,'2016-03-26 18:33:52','229481371'),(17550,564,NULL,NULL,1,'2016-03-26 18:33:52','229481371'),(17551,564,NULL,NULL,1,'2016-03-26 18:33:52','229481371'),(17552,564,NULL,NULL,1,'2016-03-26 18:33:52','229481371'),(17553,564,NULL,NULL,1,'2016-03-26 18:33:52','229481371'),(17554,564,NULL,NULL,1,'2016-03-26 18:33:52','229481371'),(17555,564,NULL,NULL,1,'2016-03-26 18:33:52','229481371'),(17556,564,NULL,NULL,1,'2016-03-26 18:33:52','229481371'),(17557,564,NULL,NULL,1,'2016-03-26 18:33:52','229481371'),(17558,564,NULL,NULL,1,'2016-03-26 18:33:52','229481371'),(17559,564,NULL,NULL,1,'2016-03-26 18:33:52','229481371'),(17560,564,NULL,NULL,1,'2016-03-26 18:33:52','229481371'),(17561,564,NULL,NULL,1,'2016-03-26 18:33:52','229481371'),(17562,564,NULL,NULL,1,'2016-03-26 18:33:52','229481371'),(17563,564,NULL,NULL,1,'2016-03-26 18:33:52','229481371'),(17564,564,NULL,NULL,1,'2016-03-26 18:33:52','229481371'),(17565,564,NULL,NULL,1,'2016-03-26 18:33:52','229481371'),(17566,564,NULL,NULL,1,'2016-03-26 18:33:52','229481371'),(17567,564,NULL,NULL,1,'2016-03-26 18:33:52','229481371'),(17568,564,NULL,NULL,1,'2016-03-26 18:33:52','229481371'),(17569,564,NULL,NULL,1,'2016-03-26 18:33:52','229481371'),(17570,564,NULL,NULL,1,'2016-03-26 18:33:52','229481371'),(17571,564,NULL,NULL,1,'2016-03-26 18:33:52','229481371'),(17572,564,NULL,NULL,1,'2016-03-26 18:33:52','229481371'),(17573,564,NULL,NULL,1,'2016-03-26 18:33:52','229481371'),(17574,564,NULL,NULL,1,'2016-03-26 18:33:52','229481371');
/*!40000 ALTER TABLE `journey_data` ENABLE KEYS */;
UNLOCK TABLES;

--
-- Table structure for table `location`
--

DROP TABLE IF EXISTS `location`;
/*!40101 SET @saved_cs_client     = @@character_set_client */;
/*!40101 SET character_set_client = utf8 */;
CREATE TABLE `location` (
  `id_user` int(11) NOT NULL,
  `latitude` float(10,6) DEFAULT NULL,
  `longitude` float(10,6) DEFAULT NULL,
  `speed` int(11) DEFAULT NULL,
  `timestamp` datetime DEFAULT NULL,
  PRIMARY KEY (`id_user`),
  CONSTRAINT `location_ibfk_1` FOREIGN KEY (`id_user`) REFERENCES `user` (`id`) ON DELETE CASCADE ON UPDATE CASCADE
) ENGINE=InnoDB DEFAULT CHARSET=latin1;
/*!40101 SET character_set_client = @saved_cs_client */;


-- Dumping data for table `location`
--
LOCK TABLES `location` WRITE;
/*!40000 ALTER TABLE `location` DISABLE KEYS */;
INSERT INTO `location` VALUES (4,44.418354,26.096935,0,'2015-07-10 11:58:26'),(5,44.436611,26.048363,0,'2015-08-07 10:20:43'),(6,NULL,NULL,NULL,'2015-10-18 01:30:46'),(11,44.461483,26.098629,0,'2015-11-08 23:49:33'),(13,NULL,NULL,NULL,'2015-12-01 18:40:30'),(16,44.424034,26.176765,0,'2016-03-13 18:55:42'),(421,44.453152,26.044327,0,'2016-03-26 18:03:11');
/*!40000 ALTER TABLE `location` ENABLE KEYS */;
UNLOCK TABLES;


--
-- Table structure for table `policy`
--

DROP TABLE IF EXISTS `policy`;
/*!40101 SET @saved_cs_client     = @@character_set_client */;
/*!40101 SET character_set_client = utf8 */;
CREATE TABLE `policy` (
  `id` int(11) NOT NULL AUTO_INCREMENT,
  `app_id` varchar(40) NOT NULL,
  `policy_name` varchar(40) NOT NULL,
  `policy_description` text,
  PRIMARY KEY (`id`)
) ENGINE=InnoDB AUTO_INCREMENT=3 DEFAULT CHARSET=latin1;
/*!40101 SET character_set_client = @saved_cs_client */;


--
-- Dumping data for table `policy`
--

LOCK TABLES `policy` WRITE;
/*!40000 ALTER TABLE `policy` DISABLE KEYS */;
INSERT INTO `policy` VALUES (1,'Mobiway','Share Location','User wishes to share location'),(2,'Mobiway','Share Speed','User wishes to share speed');
/*!40000 ALTER TABLE `policy` ENABLE KEYS */;
UNLOCK TABLES;

--
-- Table structure for table `scripts_data`
--

DROP TABLE IF EXISTS `scripts_data`;
/*!40101 SET @saved_cs_client     = @@character_set_client */;
/*!40101 SET character_set_client = utf8 */;
CREATE TABLE `scripts_data` (
  `last_timestamp` datetime DEFAULT NULL
) ENGINE=InnoDB DEFAULT CHARSET=latin1;
/*!40101 SET character_set_client = @saved_cs_client */;

--
-- Dumping data for table `scripts_data`
--

LOCK TABLES `scripts_data` WRITE;
/*!40000 ALTER TABLE `scripts_data` DISABLE KEYS */;
INSERT INTO `scripts_data` VALUES ('2016-03-26 18:33:59');
/*!40000 ALTER TABLE `scripts_data` ENABLE KEYS */;
UNLOCK TABLES;

--
-- Table structure for table `traffic_events`
--

DROP TABLE IF EXISTS `traffic_events`;
/*!40101 SET @saved_cs_client     = @@character_set_client */;
/*!40101 SET character_set_client = utf8 */;
CREATE TABLE `traffic_events` (
  `id` int(11) NOT NULL AUTO_INCREMENT,
  `name` text NOT NULL,
  `description` text NOT NULL,
  PRIMARY KEY (`id`)
) ENGINE=InnoDB AUTO_INCREMENT=437 DEFAULT CHARSET=latin1;
/*!40101 SET character_set_client = @saved_cs_client */;

--
-- Dumping data for table `traffic_events`
--

LOCK TABLES `traffic_events` WRITE;
/*!40000 ALTER TABLE `traffic_events` DISABLE KEYS */;
INSERT INTO `traffic_events` VALUES (419,'road_blocked','Road is blocked'),(420,'car_accident','Car accident'),(421,'Test Traffic Event','Test Traffic Event Description'),(422,'Test Traffic Event','Test Traffic Event Description'),(432,'Test Traffic Event2','Test Traffic Event Description'),(433,'Test Traffic Event2','Test Traffic Event Description');
/*!40000 ALTER TABLE `traffic_events` ENABLE KEYS */;
UNLOCK TABLES;


--
-- Table structure for table `user`
--

DROP TABLE IF EXISTS `user`;
/*!40101 SET @saved_cs_client     = @@character_set_client */;
/*!40101 SET character_set_client = utf8 */;
CREATE TABLE `user` (
  `id` int(11) NOT NULL AUTO_INCREMENT,
  `username` text NOT NULL,
  `password` text,
  `firstname` varchar(100) DEFAULT NULL,
  `lastname` varchar(100) DEFAULT NULL,
  `phone` varchar(15) DEFAULT NULL,
  `facebook_token` text,
  `facebook_expires_in` int(11) DEFAULT '0',
  `auth_token` text NOT NULL,
  `auth_expires_in` int(11) NOT NULL,
  `uuid` varchar(512) NOT NULL,
  PRIMARY KEY (`id`),
  UNIQUE KEY `uuid` (`uuid`)
) ENGINE=InnoDB AUTO_INCREMENT=4439 DEFAULT CHARSET=latin1;
/*!40101 SET character_set_client = @saved_cs_client */;


--
-- Dumping data for table `user`
--

LOCK TABLES `user` WRITE;
/*!40000 ALTER TABLE `user` DISABLE KEYS */;
INSERT INTO `user` VALUES (4,'cosminaionascu@gmail.com','7288edd0fc3ffcbe93a0cf06e3568e28521687bc','Cosmina','Ionascu','0728156403',NULL,0,'085bde8c-7b49-4b92-abb9-6df0423e7786',1444207925,'6da5da98-0fa5-4b44-b756-cef68f6740a7'),(5,'ciprian.dobre@cs.pub.ro','14596bdafdc52cdda01bec52f9f4f234870a0080','Ciprian','Dobre','0745174359',NULL,0,'d1be9f7c-8c8b-47e5-99a7-334567da8a57',1446883691,'3e710b21-5581-460b-8bfc-10afe931da06'),(6,'tudor.cornea@gmail.com','8910ee7d68dfff68460731ea37eb0d406d07862d','Tudor','Cornea','','CAAXClqgaZBY0BAD6zw1weNRjo7PrM6e4dOccHhwwT9W6lEgw5QzY9SW7y5YGAW0ZBU0MRxhIg8uZAev3M238aeyiHFyoUZAEP8CZCCKKCTIxFtD4rsIJTm1jtWwyhEageitxd6yfdETYWtUPJGDDj8lvUOZCsKiRZBICqULZCdgQcnt412adu7jcn4bZCiGiKOG08phrlbiskIyT51IsXu3IwXrA8yCeync6F7YZCpaLFZAewZDZD',5183780,'42e537cf-fde0-4690-a782-40bba074f860',1448352868,'42e537cf-fde0-4690-a782-40bba074f860'),(8,'conatantingeorge76@yahoo.com','61175ab22d78bfce4efa5091fff138f0d1f35b64','George','Constantin','',NULL,0,'4117ccd5-1f49-47c3-82c7-719f56379e9f',7948800,'4117ccd5-1f49-47c3-82c7-719f56379e9f'),(9,'alexandrafocsa93@yahoo.com','4cae5216ce7251dedbeb3e7157859b923555cb66','Alexandra','Focsa','0730247049',NULL,0,'fb461d86-55b4-437d-b0a0-7f66587188cc',1447942526,'88ffbbb1-55d2-49bd-90e7-e8c00decad3c'),(10,'laura.ghenciu@gmail','dbeb568a12a2ad05d09cd895e36852009e409ec8','Laura','Ghenciu','0741191981',NULL,0,'d282729f-8e1f-4236-9d89-c53e6bf5e827',7948800,'d282729f-8e1f-4236-9d89-c53e6bf5e827'),(11,'dasyke2003@yahoo.com','','Radu','Marin',NULL,'CAAXClqgaZBY0BAB6ypFbKLlp4BIt3FtLSCDF9ml0Sb21SDQ6veYLdbhyxtJLPfKZCrMsDZA2vO9XEgz3lNoDvFDHaCNNZBEgqvqZANpTNxywBxU0VCK48jAZAuO3RrtrBY8kXen25ZAIbbp7WYzH9zjskPV15xcVNfjEZATPdB8mmfYaVBLuXWSChvAQBw9ZCmgcSLzqFvgaSdZAREG3OZAWVZB5ZBn8LA2ad6KIZD',5183998,'186364e2-b813-42c7-a156-2b579916a3c0',1454968152,'186364e2-b813-42c7-a156-2b579916a3c0'),(12,'laura.ghenciu@beia.ro','e4e70452ea40bdeae280e46a620fd860bda5a70c','Laura','Ghenciu','07',NULL,0,'7e8e58dd-273a-46ee-be5b-e9000f780f14',1455774230,'44f94dea-3536-4c6c-95bf-6943a4a5f6cf'),(13,'ralu_107_2008@yahoo.com','','Raluca','Constanda','','CAAXClqgaZBY0BALPgyLHWFWgdarRxVZCG5vWK1JfDWZAtGacej9sw8cxC3BJezZAE6dJ5fUZAWkca6BiDlZBhu2YZByH96lTdcKGX1WCVNeznEVcJZCtKPngof0FBZADCFfUVWbJlkTfAQIw1SidUgZBhDQUeRc9xPkXkLnTaQ7XMCM5sxKM4tMBx4ZA7dKlJIQM7tcuczpoZBZArZBizngQuOgxNrhn7CaOOloijpVI5kONsEGgZDZD',5183999,'356913c0-0edb-4cbd-aead-fdd189ba1a34',1455744208,'356913c0-0edb-4cbd-aead-fdd189ba1a34'),(15,'dbdbe@nsn.com','97fb4b5dee770a1be77e8b61d66f944518e41f80','Aaad','Hdbr','5956895',NULL,0,'54961280-7838-4c39-9cd8-9deb3cf9de3c',7862400,'54961280-7838-4c39-9cd8-9deb3cf9de3c'),(16,'cipinutescu@yahoo.com','6c1036e6251859baa5e011081c34d48782ab6192','Nutescu','Ciprian','0720287187',NULL,0,'03a22839-d0ff-49ea-a2fc-fb607fdec44c',1462774503,'521f0448-b1a3-48b7-84bf-7a82b77d203f'),(17,'ralu_107_2008@yahoo.comg','1b2b0818be60d819273d0e70b3c5761d3b01115c','Ggg','Ggg','2852522',NULL,0,'051e4490-5f7b-4814-9111-02d034d3238d',7858800,'051e4490-5f7b-4814-9111-02d034d3238d'),(421,'g@g.com','9d4e1e23bd5b727046a9e3b4b7db57bd8d6ee684','Asd','Asd','0852262',NULL,0,'3cad35e9-9184-4b4f-a787-cd361465039a',1463770949,'d30c2e22-7b84-4f13-91a2-760d91edff0f'),(4433,'t@c','40bd001563085fc35165329ea1ff5c5ecbdbbeef','T','C','1234567896',NULL,0,'60bba4de-c4d9-4a68-a420-fe94711636b9',7948800,'60bba4de-c4d9-4a68-a420-fe94711636b9'),(4434,'t@c2','8929b61a0e6b985943edc6d13c9992dc661e4f09','T2','C2','1234567896',NULL,0,'380d9ba5-6426-49c7-bab4-fb97f77f08d1',7948800,'380d9ba5-6426-49c7-bab4-fb97f77f08d1'),(4435,'r@c','f38cfe2e2facbcc742bad63f91ad55637300cb45','T','Cc','33258855',NULL,0,'5ffeb174-32d3-4748-9ab7-1042ab5f479f',7948800,'5ffeb174-32d3-4748-9ab7-1042ab5f479f'),(4436,'j@jskskdkd','17dcbce4a254a903a6663a79360ea0c9ff0fccbf','Hjkl','Yuii','9865965328',NULL,0,'f39a9316-b414-411d-86d9-322274216e5a',7948800,'f39a9316-b414-411d-86d9-322274216e5a'),(4437,'l@c','ae1e7198bc3074ff1b2e9ff520c30bc1898d038e','U','K','3652985656',NULL,0,'5d3fed60-3850-4f55-a6b9-0bc88ee8b200',7948800,'5d3fed60-3850-4f55-a6b9-0bc88ee8b200'),(4438,'t@kgg','cf3039ebf8522aa305fa5ef22d71d14593c58740','Jj','Kg','6325756332',NULL,0,'875bd2af-18b7-4c25-80c5-1f9f747355ba',7948800,'875bd2af-18b7-4c25-80c5-1f9f747355ba');
/*!40000 ALTER TABLE `user` ENABLE KEYS */;
UNLOCK TABLES;

--
-- Table structure for table `user_contact`
--

DROP TABLE IF EXISTS `user_contact`;
/*!40101 SET @saved_cs_client     = @@character_set_client */;
/*!40101 SET character_set_client = utf8 */;
CREATE TABLE `user_contact` (
  `id` int(11) NOT NULL AUTO_INCREMENT,
  `id_user` int(11) NOT NULL,
  `id_friend_user` int(11) NOT NULL,
  PRIMARY KEY (`id`),
  KEY `id_user1` (`id_user`),
  KEY `id_user2` (`id_friend_user`),
  KEY `id_user1_2` (`id_user`),
  KEY `id_user2_2` (`id_friend_user`),
  CONSTRAINT `user_contact_ibfk_1` FOREIGN KEY (`id_user`) REFERENCES `user` (`id`) ON DELETE CASCADE ON UPDATE CASCADE,
  CONSTRAINT `user_contact_ibfk_2` FOREIGN KEY (`id_friend_user`) REFERENCES `user` (`id`) ON DELETE CASCADE ON UPDATE CASCADE
) ENGINE=InnoDB AUTO_INCREMENT=5 DEFAULT CHARSET=latin1;
/*!40101 SET character_set_client = @saved_cs_client */;


--
-- Dumping data for table `user_contact`
--

LOCK TABLES `user_contact` WRITE;
/*!40000 ALTER TABLE `user_contact` DISABLE KEYS */;
INSERT INTO `user_contact` VALUES (1,6,5),(2,5,6),(3,11,5),(4,5,11);
/*!40000 ALTER TABLE `user_contact` ENABLE KEYS */;
UNLOCK TABLES;

--
-- Table structure for table `user_events`
--

DROP TABLE IF EXISTS `user_events`;
/*!40101 SET @saved_cs_client     = @@character_set_client */;
/*!40101 SET character_set_client = utf8 */;
CREATE TABLE `user_events` (
  `id` int(11) NOT NULL AUTO_INCREMENT,
  `timestamp` datetime DEFAULT NULL,
  `id_user` int(11) NOT NULL,
  `id_traffic_event` int(11) NOT NULL,
  `distance` float(10,6) DEFAULT NULL,
  `time_since_event` float(10,6) DEFAULT NULL,
  `space_accuracy` float(10,6) DEFAULT NULL,
  `time_accuracy` float(10,6) DEFAULT NULL,
  `latitude` double(10,6) DEFAULT NULL,
  `longitude` double(10,6) DEFAULT NULL,
  `osm_way_id` varchar(40) DEFAULT NULL,
  PRIMARY KEY (`id`),
  KEY `FK_7kuh7sejba73cua1hurgn3g21` (`id_user`),
  KEY `FK_cxs0k4whw10tj234dhiak17t9` (`id_traffic_event`),
  CONSTRAINT `FK_7kuh7sejba73cua1hurgn3g21` FOREIGN KEY (`id_user`) REFERENCES `user` (`id`),
  CONSTRAINT `FK_cxs0k4whw10tj234dhiak17t9` FOREIGN KEY (`id_traffic_event`) REFERENCES `traffic_events` (`id`)
) ENGINE=InnoDB AUTO_INCREMENT=3673 DEFAULT CHARSET=latin1;
/*!40101 SET character_set_client = @saved_cs_client */;

--
-- Dumping data for table `user_events`
--

LOCK TABLES `user_events` WRITE;
/*!40000 ALTER TABLE `user_events` DISABLE KEYS */;
INSERT INTO `user_events` VALUES (3671,'2016-06-14 01:24:32',5,420,20.000000,NULL,100.000000,100.000000,45.000000,45.000000,'12345'),(3672,'2016-06-14 20:50:33',5,420,20.000000,NULL,100.000000,100.000000,45.000000,45.000000,'12345');
/*!40000 ALTER TABLE `user_events` ENABLE KEYS */;
UNLOCK TABLES;

--
-- Table structure for table `user_policy`
--

DROP TABLE IF EXISTS `user_policy`;
/*!40101 SET @saved_cs_client     = @@character_set_client */;
/*!40101 SET character_set_client = utf8 */;
CREATE TABLE `user_policy` (
  `id` int(11) NOT NULL AUTO_INCREMENT,
  `app_id` varchar(40) NOT NULL,
  `id_user` int(11) NOT NULL,
  `id_policy` int(11) NOT NULL,
  PRIMARY KEY (`id`),
  KEY `user_policy_user_fk_1` (`id_user`),
  KEY `user_policy_policy_fk_2` (`id_policy`),
  CONSTRAINT `user_policy_policy_fk_2` FOREIGN KEY (`id_policy`) REFERENCES `policy` (`id`) ON DELETE CASCADE ON UPDATE CASCADE,
  CONSTRAINT `user_policy_user_fk_1` FOREIGN KEY (`id_user`) REFERENCES `user` (`id`) ON DELETE CASCADE ON UPDATE CASCADE
) ENGINE=InnoDB AUTO_INCREMENT=466 DEFAULT CHARSET=latin1;

--
-- Dumping data for table `user_policy`
--

LOCK TABLES `user_policy` WRITE;
/*!40000 ALTER TABLE `user_policy` DISABLE KEYS */;
INSERT INTO `user_policy` VALUES (216,'Mobiway',5,2),(217,'Mobiway',5,1),(442,'Mobiway',6,1),(443,'Mobiway',6,2),(444,'Mobiway',9,1),(445,'Mobiway',9,2),(448,'Mobiway',11,1),(449,'Mobiway',11,2),(450,'Mobiway',12,1),(451,'Mobiway',12,2),(458,'Mobiway',13,1),(459,'Mobiway',13,2),(462,'Mobiway',421,1),(463,'Mobiway',421,2),(464,'Mobiway',16,2),(465,'Mobiway',16,1);
/*!40000 ALTER TABLE `user_policy` ENABLE KEYS */;
UNLOCK TABLES;

--
-- Table structure for table `user_reputation`
--

DROP TABLE IF EXISTS `user_reputation`;
/*!40101 SET @saved_cs_client     = @@character_set_client */;
/*!40101 SET character_set_client = utf8 */;
CREATE TABLE `user_reputation` (
  `id` int(11) NOT NULL AUTO_INCREMENT,
+  `id_user` int(11) NOT NULL,
  `app_id` varchar(40) NOT NULL,
  `reputation` float(10,6) DEFAULT NULL,
  PRIMARY KEY (`id`)
) ENGINE=InnoDB AUTO_INCREMENT=4626 DEFAULT CHARSET=latin1;
/*!40101 SET character_set_client = @saved_cs_client */;

--
-- Dumping data for table `user_reputation`
--

LOCK TABLES `user_reputation` WRITE;
/*!40000 ALTER TABLE `user_reputation` DISABLE KEYS */;
INSERT INTO `user_reputation` VALUES (4527,4334,'Mobiway',1.000000),(4528,4335,'Mobiway',1.000000),(4529,4336,'Mobiway',1.000000),(4530,4337,'Mobiway',1.000000),(4531,4338,'Mobiway',1.000000),(4532,4339,'Mobiway',1.000000),(4533,4340,'Mobiway',1.000000),(4534,4341,'Mobiway',1.000000),(4535,4342,'Mobiway',1.000000),(4536,4343,'Mobiway',1.000000),(4537,4344,'Mobiway',1.000000),(4538,4345,'Mobiway',1.000000),(4539,4346,'Mobiway',1.000000),(4540,4347,'Mobiway',1.000000),(4541,4348,'Mobiway',1.000000),(4542,4349,'Mobiway',1.000000),(4543,4350,'Mobiway',1.000000),(4544,4351,'Mobiway',1.000000),(4545,4352,'Mobiway',1.000000),(4546,4353,'Mobiway',1.000000),(4547,4354,'Mobiway',1.000000),(4548,4355,'Mobiway',1.000000),(4549,4356,'Mobiway',1.000000),(4550,4357,'Mobiway',1.000000),(4551,4358,'Mobiway',1.000000),(4552,4359,'Mobiway',1.000000),(4553,4360,'Mobiway',1.000000),(4554,4361,'Mobiway',1.000000),(4555,4362,'Mobiway',1.000000),(4556,4363,'Mobiway',1.000000),(4557,4364,'Mobiway',1.000000),(4558,4365,'Mobiway',1.000000),(4559,4366,'Mobiway',1.000000),(4560,4367,'Mobiway',1.000000),(4561,4368,'Mobiway',1.000000),(4562,4369,'Mobiway',1.000000),(4563,4370,'Mobiway',1.000000),(4564,4371,'Mobiway',1.000000),(4565,4372,'Mobiway',1.000000),(4566,4373,'Mobiway',1.000000),(4567,4374,'Mobiway',1.000000),(4568,4375,'Mobiway',1.000000),(4569,4376,'Mobiway',1.000000),(4570,4377,'Mobiway',1.000000),(4571,4378,'Mobiway',1.000000),(4572,4379,'Mobiway',1.000000),(4573,4380,'Mobiway',1.000000),(4574,4381,'Mobiway',1.000000),(4575,4382,'Mobiway',1.000000),(4576,4383,'Mobiway',1.000000),(4577,4384,'Mobiway',1.000000),(4578,4385,'Mobiway',1.000000),(4579,4386,'Mobiway',1.000000),(4580,4387,'Mobiway',1.000000),(4581,4388,'Mobiway',1.000000),(4582,4389,'Mobiway',1.000000),(4583,4390,'Mobiway',1.000000),(4584,4391,'Mobiway',1.000000),(4585,4392,'Mobiway',1.000000),(4586,4393,'Mobiway',1.000000),(4587,4394,'Mobiway',1.000000),(4588,4395,'Mobiway',1.000000),(4589,4396,'Mobiway',1.000000),(4590,4397,'Mobiway',1.000000),(4591,4398,'Mobiway',1.000000),(4592,4399,'Mobiway',1.000000),(4593,4400,'Mobiway',1.000000),(4594,4401,'Mobiway',1.000000),(4595,4402,'Mobiway',1.000000),(4596,4403,'Mobiway',0.750000),(4597,4404,'Mobiway',0.750000),(4598,4405,'Mobiway',0.750000),(4599,4406,'Mobiway',0.750000),(4600,4407,'Mobiway',0.750000),(4601,4408,'Mobiway',0.750000),(4602,4409,'Mobiway',0.750000),(4603,4410,'Mobiway',0.750000),(4604,4411,'Mobiway',0.750000),(4605,4412,'Mobiway',0.750000),(4606,4413,'Mobiway',0.750000),(4607,4414,'Mobiway',0.750000),(4608,4415,'Mobiway',0.750000),(4609,4416,'Mobiway',0.750000),(4610,4417,'Mobiway',0.750000),(4611,4418,'Mobiway',0.750000),(4612,4419,'Mobiway',0.750000),(4613,4420,'Mobiway',0.750000),(4614,4421,'Mobiway',0.750000),(4615,4422,'Mobiway',0.750000),(4616,4423,'Mobiway',0.750000),(4617,4424,'Mobiway',0.750000),(4618,4425,'Mobiway',0.750000),(4619,4426,'Mobiway',0.750000),(4620,4427,'Mobiway',0.750000),(4621,4428,'Mobiway',0.750000),(4622,4429,'Mobiway',0.750000),(4623,4430,'Mobiway',0.750000),(4624,4431,'Mobiway',0.750000),(4625,4432,'Mobiway',0.750000);
/*!40000 ALTER TABLE `user_reputation` ENABLE KEYS */;
UNLOCK TABLES;

/*!40101 SET character_set_client = @saved_cs_client */;
/*!40103 SET TIME_ZONE=@OLD_TIME_ZONE */;

/*!40101 SET SQL_MODE=@OLD_SQL_MODE */;
/*!40014 SET FOREIGN_KEY_CHECKS=@OLD_FOREIGN_KEY_CHECKS */;
/*!40014 SET UNIQUE_CHECKS=@OLD_UNIQUE_CHECKS */;
/*!40101 SET CHARACTER_SET_CLIENT=@OLD_CHARACTER_SET_CLIENT */;
/*!40101 SET CHARACTER_SET_RESULTS=@OLD_CHARACTER_SET_RESULTS */;
/*!40101 SET COLLATION_CONNECTION=@OLD_COLLATION_CONNECTION */;
/*!40111 SET SQL_NOTES=@OLD_SQL_NOTES */;
